section,train_acc,test_acc
history,0.9999244732,0.8600628931
applications,0.9780528981,0.7959527825
definition,0.9091438556,0.7260034904