section,train_acc,test_acc
history,0.9978947368421053,0.8330827067669173
applications,0.9994802494802495,0.7879417879417879
definition,0.9474697469746974,0.7183718371837183