section,train_acc,test_acc
history,0.7893233082706766,0.5678195488721804
applications,0.8001559251559252,0.6195426195426196
definition,0.7816281628162817,0.5764576457645765