section,train_acc,test_acc
history,0.9870401674,0.7051436851
applications,0.9971973094,0.6798319328
definition,0.9969951923,0.572972973