section,train_acc,test_acc
history,1.0,0.6123308270676692
applications,1.0,0.6237006237006237
definition,0.9997249724972497,0.6083608360836084